<manifest xmlns="http://www.imsglobal.org/xsd/imscp_v1p1" xmlns:adlcp="http://www.adlnet.org/xsd/adlcp_v1p3" xmlns:imsss="http://www.imsglobal.org/xsd/imsss" xmlns:xsi="http://www.w3.org/2001/XMLSchema-instance" identifier="Numbas: Partial fraction Demo1" version="1" xsi:schemaLocation="http://www.imsglobal.org/xsd/imscp_v1p1 imscp_v1p1.xsd           http://www.adlnet.org/xsd/adlcp_v1p3 adlcp_v1p3.xsd           http://www.adlnet.org/xsd/adlseq_v1p3 adlseq_v1p3.xsd           http://www.adlnet.org/xsd/adlnav_v1p3 adlnav_v1p3.xsd           http://www.imsglobal.org/xsd/imsss imsss_v1p0.xsd"> 
	
	 
	<metadata> 
		<schema>ADL SCORM</schema> 
		<schemaversion>2004 3rd Edition</schemaversion> 
	</metadata> 
	 
	<organizations default="numbas_default_org"> 
		<organization identifier="numbas_default_org"> 
			<title>Partial fraction Demo1</title> 
			<item identifier="item_1" identifierref="resource_1"> 
				<title>Exam</title> 
				<imsss:sequencing>
					<imsss:deliveryControls completionSetByContent="true" objectiveSetByContent="true" />
				</imsss:sequencing>
			</item> 
			<imsss:sequencing>
				<imsss:controlMode choice="true" flow="true" />
			</imsss:sequencing>
		</organization> 
	</organizations> 
	<resources> 
		<resource href="index.html" identifier="resource_1" type="webcontent" adlcp:scormType="sco"> 
		<file href="resources/numbas-logo.svg" /><file href="scripts/parts/multipleresponse.js" /><file href="resources/bootstrap/js/bootstrap.js" /><file href="locale.js" /><file href="resources/iconfont/fontawesome.ttf" /><file href="settings.js" /><file href="scripts/scorm-storage.js" /><file href="scripts/parts/patternmatch.js" /><file href="scripts/jquery/jquery.js" /><file href="scripts/jquery/jquery.xslTransform.js" /><file href="scripts/parts/information.js" /><file href="resources/iconfont/generator_config.txt" /><file href="scripts/parts/gapfill.js" /><file href="scripts/numbas.js" /><file href="resources/question.css" /><file href="scripts/jme-variables.js" /><file href="scripts/jquery/jquery.impromptu.js" /><file href="scripts/R/R.js" /><file href="scripts/parts/matrixentry.js" /><file href="scripts/parts/numberentry.js" /><file href="scripts/math.js" /><file href="scripts/jme.js" /><file href="scripts/jme-display.js" /><file href="scripts/SCORM_API_wrapper.js" /><file href="scripts/parts/jme.js" /><file href="resources/exam.css" /><file href="scripts/xml.js" /><file href="scripts/exam.js" /><file href="resources/bootstrap/css/jasny-bootstrap.css" /><file href="scripts/seedrandom/seedrandom.js" /><file href="scripts/question.js" /><file href="resources/iconfont/fontawesome.svg" /><file href="scripts/jquery/jquery.mousewheel.js" /><file href="index.html" /><file href="scripts/timing.js" /><file href="scripts/display.js" /><file href="resources/bootstrap/js/jasny-bootstrap.js" /><file href="scripts/jme-builtins.js" /><file href="scripts/schedule.js" /><file href="resources/iconfont/font-awesome.min.css" /><file href="resources/iconfont/fontawesome.eot" /><file href="scripts/knockout/knockout.js" /><file href="resources/bootstrap/css/bootstrap.css" /><file href="scripts/start-exam.js" /><file href="scripts/jquery/jquery-ui.custom.min.js" /><file href="scripts/storage.js" /><file href="resources/iconfont/fontawesome.woff" /><file href="scripts/sarissa/sarissa.js" /><file href="readme.txt" /><file href="scripts/controls.js" /><file href="scripts/util.js" /><file href="scripts/part.js" /><file href="scripts/sarissa/sarissa_ieemu_xpath.js" /></resource> 
	</resources> 
</manifest>